episode,reward
1,23.629642
2,27.055552
3,22.20369
4,23.481457
5,21.74073
6,26.592566
7,27.018532
8,22.444427
