episode,reward
1,198.77777
2,43.685158
3,29.77781
4,33.31484
5,39.44446
6,28.66666
7,34.37039
8,38.407413
9,33.722237
